,model,kind,corr,pval
0,Constant,sm,0.8783824780967587,0.0
1,Constant,ro,0.48365749978844524,1.0773490479157811e-234
2,Seasonal Beta,sm,0.905756676366089,0.0
3,Seasonal Beta,ro,0.4460796500874942,9.085654844616781e-196
